"Be your own boss",1
"Brand new pager",1
"Casino",1
"Compete for your business",1
"Congratulations",1
"Credit card offers",1
"Home employment",1
"Home-based business",1
"Legal",1
"Legal notice",1
"Marketing solutions",1
"Meet singles",1
"Meet women",1
"Miracle",1
"Month trial offer",1
"Mortgage",1
"New domain extensions",1
"Obligation",1
"Order shipped by",1
"Order status",1
"Orders shipped by the shopper",1
"Passwords",1
"Purchase",1
"Removal",1
"Removes wrinkles",1
"Reverses aging",1
"Rolex",1
"Round the world",1
"Score with babes",1
"Section 301",1
"Shopping spree",1
"Social security number",1
"Terms and conditions",1
"University diplomas",1
"Valium",1
"Viagra",1
"VIP",1
"What's keeping you?",1
"Accept credit cards",1
"Additional income",1
"Avoid bankruptcy",1
"Beneficiary",1
"Billing",1
"Billing address",1
"BONUS",1
"Bonus credited",1
"Buying judgments",1
"Cash bonus",1
"Cashcashcash",1
"Cashless",1
"Check credited",1
"Consolidate debt",1
"Consolidate debt and credit",1
"Cost",1
"Credit",1
"Eliminate bad credit",1
"Eliminate debt",1
"Income from home",1
"Investment decision",1
"Low insurance premium",1
"Low mortgage rates",1
"Lower interest rate",1
"Lower monthly payment",1
"Lower rates",1
"Lower your mortgage rate",1
"Lowest insurance rates",1
"Million dollars",1
"Outstanding amount",1
"Outstanding values",1
"Pennies a day",1
"Stock alert",1
"Stock disclaimer statement",1
"Stock pick",1
"Unsecured credit",1
"Unsecured debt",1
"Unsolicited",1
"XXX amount credited",1
"XXX$ credited",1
"Affordable",1
"Auto email removal",1
"Bargain",1
"Cheap",1
"Claims",1
"Claims not to be selling anything",1
"Claims to be in accordance with some spam law",1
"Claims to be legal",1
"Clearance",1
"Compare rates",1
"Confidential",1
"Confidentially on all orders",1
"Deal breaker",1
"Dig up dirt on friends",1
"Don't delete",1
"Don't hesitate",1
"Easy terms",1
"Explode your business",1
"Fast cash",1
"Free access",1
"Hidden assets",1
"Hidden charges",1
"Info you requested",1
"Information you requested",1
"Join millions",1
"Junk",1
"Loan approved",1
"Loans",1
"Mass email",1
"Never before",1
"New customers only",1
"No extra cost",1
"No hidden costs",1
"No interests",1
"No medical exams",1
"No middleman",1
"No risk",1
"No strings attached",1
"Not intended",1
"Not junk",1
"Not spam",1
"Open this email!",1
"Please read",1
"Priority mail",1
"Prize",1
"Profits",1
"Promise",1
"Pure profits",1
"Requires initial investment",1
"Risk-free",1
"Save big money",1
"Sent in compliance",1
"Special discount",1
"Special promotion",1
"Strong buy",1
"This isn't a scam",1
"This isn't junk",1
"This isn't spam",1
"This won't last",1
"Undisclosed",1
"Undisclosed recipient",1
"We hate spam",1
"We honor all",1
"100% money back",1
"Best bargain",1
"Best offer",1
"Best price",1
"Big bucks",1
"Double your leads",1
"Double your cash",1
"Double your income",1
"Double your wealth",1
"Earn extra profit",1
"Earn $",1
"Earn extra cash",1
"Earn money",1
"Earn per week",1
"Extra cash",1
"Extra income",1
"Extract email",1
"F r e e",1
"For just X$",1
"For only XXX amount",1
"Free bonus",1
"Free cell phone",1
"Free consultation",1
"Free DVD",1
"Free gift",1
"Free grant money",1
"Free hosting",1
"Free info",1
"Free information",1
"Free installation",1
"Free instant",1
"Free investment",1
"Free iPhone",1
"Free leads",1
"Free membership",1
"Free money",1
"Free preview",1
"Free quote",1
"Free sample",1
"Free trial",1
"Full REFUND",1
"Guaranteed deposit",1
"Guaranteed income",1
"Guaranteed payment",1
"Huge discount",1
"Incredible deal",1
"Instant earnings",1
"Instant income",1
"Instant offers",1
"JACKPOT",1
"Lose weight",1
"Lose weight instantly",1
"Lowest price",1
"Lowest price ever",1
"Money back",1
"Money making",1
"Money-back guarantee",1
"Potential earnings",1
"Recover your debt",1
"Recover your debt instantly",1
"Satisfaction guaranteed",1
"Save $",1
"Save Big Money",1
"Serious cash",1
"Subject to cash",1
"They keep your Money — no refund!",1
"Unlimited",1
"Work at home",1
"Work from home",1
"You are a winner!",1
"You have been chosen",1
"You have been selected",1
"You will not believe your eyes",1
"Zero chance",1
"Zero percent",1
"Zero risk",1
"Access for free",1
"Access now",1
"Access right away",1
"Act immediately",1
"Act now",1
"Action required",1
"Apply NOW",1
"Apply Online",1
"At no cost",1
"Buy Now",1
"Buy direct",1
"Cancel at any time",1
"Cancel now",1
"Cancellation required",1
"Claim your discount NOW!",1
"Claim your prize",1
"Click below",1
"Click here",1
"Exclusive deal",1
"Exclusive discount",1
"Exclusive offer",1
"Expiring soon",1
"For instant access",1
"Get it now",1
"Get out of debt",1
"Get out of debt NOW",1
"Get started now",1
"Hurry up",1
"Important information regarding",1
"Instant weight loss",1
"Limited time",1
"Limited time deal",1
"Make $",1
"Make Money",1
"Now only",1
"Offer expires in X days",1
"Once in a lifetime deal",1
"Once in a lifetime opportunity",1
"Once in lifetime",1
"Online biz opportunity",1
"Only for today",1
"Save up to",1
"Sign up free today",1
"Stuff on sale",1
"Supplies are limited",1
"Take action now",1
"Time-limited",1
"Urgent",1
"Vacation offers",1
"Weight loss",1
"While in stock",1
"While you sleep",1
"#1",1
"$$$",1
"0%",1
"0% risk",1
"777",1
"99%",1
"99.9%",1
"100%",1
"100% more",1
"100% free",1
"100% satisfied",1
"50% off",1
"#1",1
"100% more",1
"100% free",1
"100% satisfie",1
"Additional income",1
"Be your own boss",1
"Best price",1
"Big bucks",1
"Billion",1
"Cash bonus",1
"Cents on the dollar",1
"Consolidate debt",1
"Double your cash",1
"Double your income",1
"Earn extra cash",1
"Earn money",1
"Eliminate bad credit",1
"Extra cash",1
"Extra income",1
"Expect to earn",1
"Fast cash",1
"Financial freedom",1
"Free access",1
"Free consultation",1
"Free gift",1
"Free hosting",1
"Free info",1
"Free investment",1
"Free membership",1
"Free money",1
"Free preview",1
"Free quote",1
"Free trial",1
"Full refund",1
"Get out of debt",1
"Get paid",1
"Giveaway",1
"Guaranteed",1
"Increase sales",1
"Increase traffic",1
"Incredible deal",1
"Lower rates",1
"Lowest price",1
"Make money",1
"Million dollars",1
"Miracle",1
"Money back",1
"Once in a lifetime",1
"One time",1
"Pennies a day",1
"Potential earnings",1
"Prize",1
"Promise",1
"Pure profit",1
"Risk-free",1
"Satisfaction guaranteed",1
"Save big money",1
"Save up to",1
"Special promotion",1
"Act now",1
"Apply now",1
"Become a member",1
"Call now",1
"Click below",1
"Click here",1
"Get it now",1
"Do it today",1
"Don’t delete",1
"Exclusive deal",1
"Get started now",1
"Important information regarding",1
"Information you requested",1
"Instant",1
"Limited time",1
"New customers only",1
"Order now",1
"Please read",1
"See for yourself",1
"Sign up free",1
"Take action",1
"This won’t last",1
"Urgent",1
"What are you waiting for?",1
"While supplies last",1
"Will not believe your eyes",1
"Winner",1
"Winning",1
"You are a winner",1
"You have been selected",1
"Bulk email",1
"Buy direct",1
"Cancel at any time",1
"Check or money order",1
"Congratulations",1
"Confidentiality",1
"Cures",1
"Dear friend",1
"Direct email",1
"Direct marketing",1
"Hidden charges",1
"Human growth hormone",1
"Internet marketing",1
"Lose weight",1
"Mass email",1
"Meet singles",1
"Multi-level marketing",1
"No catch",1
"No cost",1
"No credit check",1
"No fees",1
"No gimmick",1
"No hidden costs",1
"No hidden fees",1
"No interest",1
"No investment",1
"No obligation",1
"No purchase necessary",1
"No questions asked",1
"No strings attached",1
"Not junk",1
"Notspam",1
"Obligation",1
"Passwords",1
"Requires initial investment",1
"Social security number",1
"This isn’t a scam",1
"This isn’t junk",1
"This isn’t spam",1
"Undisclosed",1
"Unsecured credit",1
"Unsecured debt",1
"Unsolicited",1
"Valium",1
"Viagra",1
"Vicodin",1
"We hate spam",1
"Weight loss",1
"Xanax",1
"Accept credit cards",1
"Ad",1
"All new",1
"As seen on",1
"Bargain",1
"Beneficiary",1
"Billing",1
"Bonus",1
"Cards accepted",1
"Cash",1
"Certified",1
"Cheap",1
"Claims",1
"Clearance",1
"Compare rates",1
"Credit card offers",1
"Deal",1
"Debt",1
"Discount",1
"Fantastic",1
"In accordance with laws",1
"Income",1
"Investment",1
"Join millions",1
"Lifetime",1
"Loans",1
"Luxury",1
"Marketing solution",1
"Message contains",1
"Mortgage rates",1
"Name brand",1
"Offer",1
"Online marketing",1
"Opt in",1
"Pre-approved",1
"Quote",1
"Rates",1
"Refinance",1
"Removal",1
"Reserves the right",1
"Score",1
"Search engine",1
"Sent in compliance",1
"Subject to…",1
"Terms and conditions",1
"Trial",1
"Unlimited",1
"Warranty",1
"Web traffic",1
"Work from home",1
"0%",1
"0% risk",1
"777",1
"99%",1
"99.9%",1
"100%",1
"100% more",1
"#1",1
"$$$",1
"100% free",1
"100% satisfied",1
"4U",1
"50% off",1
"Accept credit cards",1
"Acceptance",1
"Access",1
"Access now",1
"Access for free",1
"Accordingly",1
"Act Now",1
"Act immediately",1
"Action",1
"Action required",1
"Ad",1
"Additional income",1
"Addresses on CD",1
"Affordable",1
"Affordable deal",1
"All natural",1
"All new",1
"Amazed",1
"Amazing",1
"Amazing offer",1
"Amazing stuff",1
"Apply here",1
"Apply now",1
"Apply Online",1
"As seen on",1
"At no cost",1
"Auto email removal",1
"Avoid",1
"Avoid bankruptcy",1
"Bargain",1
"Be amazed",1
"Be surprised",1
"Be your own boss",1
"Believe me",1
"Being a member",1
"Beneficiary",1
"Best bargain",1
"Best deal",1
"Best price",1
"Best offer",1
"Beverage",1
"Big bucks",1
"Bill 1618",1
"Billing",1
"Billing address",1
"Billionaire",1
"Billion",1
"Billion dollars",1
"Bonus",1
"Boss",1
"Brand new pager",1
"Bulk email",1
"Buy",1
"Buy now",1
"Buy direct",1
"Buying judgments",1
"Cable converter",1
"Call",1
"Call free",1
"Call me",1
"Call now",1
"Calling creditors",1
"Can’t live without",1
"Cancel",1
"Cancel at any time",1
"Cancel now",1
"Cancellation required",1
"Cannot be combined with any other offer",1
"Cards accepted",1
"Cash",1
"Cash out",1
"Cash bonus",1
"Cashcashcash",1
"Casino",1
"Celebrity",1
"Cell phone cancer scam",1
"Cents on the dollar",1
"Certified",1
"Chance",1
"Cheap",1
"Check",1
"Check or money order",1
"Claims",1
"Claim now",1
"Claim your discount",1
"Claims not to be selling anything",1
"Claims to be in accordance with some spam law",1
"Claims to be legal",1
"Clearance",1
"Click",1
"Click below",1
"Click here",1
"Click now",1
"Click to get",1
"Click to remove",1
"Collect",1
"Collect child support",1
"Compare",1
"Compare now",1
"Compare online",1
"Compare rates",1
"Compete for your business",1
"Confidentially on all orders",1
"Congratulations",1
"Consolidate debt and credit",1
"Consolidate your debt",1
"Copy accurately",1
"Copy DVDs",1
"Costs",1
"Credit",1
"Credit bureaus",1
"Credit card offers",1
"Cures",1
"Cures baldness",1
"Deal",1
"Dear",1
"Debt",1
"Diagnostics",1
"Dig up dirt on friends",1
"Direct email",1
"Direct marketing",1
"Discount",1
"Do it now",1
"Do it today",1
"Don’t delete",1
"Don’t hesitate",1
"Dormant",1
"Double your",1
"Double your cash",1
"Double your income",1
"Double your wealth",1
"Drastically reduced",1
"Earn",1
"Earn $",1
"Earn extra cash",1
"Earn money",1
"Earn monthly",1
"Earn from home",1
"Earn per month",1
"Earn per week",1
"Easy terms",1
"Eliminate bad credit",1
"Eliminate debt",1
"Email extractor",1
"Email harvest",1
"Email marketing",1
"Exclusive deal",1
"Expect to earn",1
"Expire",1
"Explode your business",1
"Extra",1
"Extra cash",1
"Extra income",1
"Extract email ",1
"Free",1
"Fantastic",1
"Fantastic deal",1
"Fantastic offer",1
"Fast cash",1
"Fast Viagra delivery",1
"Financial freedom",1
"Financially independent",1
"For free",1
"For instant access",1
"For just $",1
"For Only",1
"For you",1
"Form",1
"Free",1
"Free access",1
"Free bonus",1
"Free cell phone",1
"Free consultation",1
"Free DVD",1
"Free gift",1
"Free grant money",1
"Free hosting",1
"Free info",1
"Free information",1
"Free installation",1
"Free instant",1
"Free investment",1
"Free iPhone",1
"Free leads",1
"Free Macbook",1
"Free membership",1
"Free money",1
"Free offer",1
"Free preview",1
"Free priority mail",1
"Free quote",1
"Free sample",1
"Free trial",1
"Free website",1
"Freedom",1
"Friend",1
"Full refund",1
"Get",1
"Get it now",1
"Get out of debt",1
"Get paid",1
"Get started now",1
"Gift certificate",1
"Give it away",1
"Giving away",1
"Great",1
"Great deal",1
"Great offer",1
"Guarantee",1
"Guaranteed",1
"Guaranteed deposit",1
"Guaranteed income",1
"Guaranteed payment",1
"Have you been turned down?",1
"Hello",1
"Here",1
"Hidden",1
"Hidden assets",1
"Hidden charges",1
"Hidden fees",1
"High score",1
"Home",1
"Home based",1
"Home employment",1
"Home based business",1
"Human growth hormone",1
"Huge discount",1
"Hurry up",1
"If only it were that easy",1
"Important information regarding",1
"Important notification",1
"In accordance with laws",1
"Income",1
"Income from home",1
"Increase sales",1
"Increase traffic",1
"Increase your chances",1
"Increase your sales",1
"Incredible deal",1
"Info you requested",1
"Information you requested",1
"Instant",1
"Instant earnings",1
"Instant income",1
"Insurance",1
"Internet market",1
"Internet marketing",1
"Investment",1
"Investment decision",1
"It’s effective",1
"Join millions",1
"Join millions of Americans",1
"Junk",1
"Laser printer",1
"Leave",1
"Legal",1
"Legal notice",1
"Life",1
"Life Insurance",1
"Lifetime",1
"Lifetime access",1
"Lifetime deal",1
"Limited amount",1
"Limited number",1
"Limited offer",1
"Limited supply",1
"Limited time",1
"Limited time offer",1
"Limited time only",1
"Loan",1
"Long distance phone offer",1
"Lose",1
"Lose weight",1
"Lose weight spam",1
"Lower interest rates",1
"Lower monthly payment",1
"Lower your mortgage rate",1
"Lowest insurance rates",1
"Lowest price",1
"Lowest rate",1
"Luxury",1
"Luxury car",1
"Mail in order form",1
"Maintained",1
"Make $",1
"Make money",1
"Marketing",1
"Marketing solutions",1
"Mass email",1
"Medicine",1
"Medium",1
"Meet girls",1
"Meet me",1
"Meet singles",1
"Meet women",1
"Member",1
"Member stuff",1
"Message contains",1
"Message contains disclaimer",1
"Million",1
"Millionaire",1
"Million dollars",1
"Miracle",1
"MLM",1
"Money",1
"Money back",1
"Money making",1
"Month trial offer",1
"More Internet Traffic",1
"Mortgage",1
"Mortgage rates",1
"Multi-level marketing",1
"Name brand",1
"Never",1
"Never before",1
"New customers only",1
"New domain extensions",1
"Nigerian",1
"No age restrictions",1
"No catch",1
"No claim forms",1
"No cost",1
"No credit check",1
"No deposit required",1
"No disappointment",1
"No experience",1
"No fees",1
"No gimmick",1
"No hidden",1
"No hidden сosts",1
"No hidden fees",1
"No interests",1
"No inventory",1
"No investment",1
"No investment required",1
"No medical exams",1
"No middleman",1
"No obligation",1
"No payment required",1
"No purchase necessary",1
"No questions asked",1
"No selling",1
"No strings attached",1
"No-obligation",1
"Not intended",1
"Not junk",1
"Not scam",1
"Not spam",1
"Now",1
"Now only",1
"Number 1",1
"Number one",1
"Obligation",1
"Offshore",1
"Offer",1
"Offer expires",1
"Once in lifetime",1
"Once in a lifetime",1
"One hundred percent free",1
"One hundred percent guaranteed",1
"One time",1
"One time mailing",1
"Online biz opportunity",1
"Online degree",1
"Online job",1
"Online income",1
"Online marketing",1
"Online pharmacy",1
"Only",1
"Only $",1
"Open Opportunity",1
"Opt in",1
"Order",1
"Order now",1
"Order shipped by",1
"Order status",1
"Order today",1
"Outstanding values",1
"Passwords",1
"Pennies a day",1
"Per day",1
"Per month",1
"Per week",1
"Performance",1
"Phone",1
"Please read",1
"Potential earnings",1
"Pre-approved",1
"Presently",1
"Price",1
"Price protection",1
"Print form signature",1
"Print out and fax",1
"Priority mail",1
"Prize",1
"Problem",1
"Produced and sent out",1
"Profits",1
"Promise",1
"Promise you",1
"Purchase",1
"Pure profits",1
"Quote",1
"Rates",1
"Real thing",1
"Refinance",1
"Refinance home",1
"Refund",1
"Removal",1
"Removal instructions",1
"Remove",1
"Removes wrinkles",1
"Request",1
"Request now",1
"Request today",1
"Requires initial investment",1
"Reserves the right",1
"Reverses",1
"Reverses aging",1
"Risk free",1
"Risk-free",1
"Rolex",1
"Round the world",1
"Safeguard notice",1
"Sale",1
"Sample",1
"Satisfaction",1
"Satisfaction guaranteed",1
"Save $",1
"Save money",1
"Save now",1
"Save big money",1
"Save up to",1
"Score",1
"Score with babes",1
"Search engine listings",1
"Search engines",1
"Section 301",1
"See for yourself",1
"Sent in compliance",1
"Serious",1
"Serious cash",1
"Serious only",1
"Serious offer",1
"Shopper",1
"Shopping spree",1
"Sign up free today",1
"Social security number",1
"Solution",1
"Spam",1
"Special deal",1
"Special discount",1
"Special for you",1
"Special offer",1
"Special promotion",1
"Stainless steel",1
"Stock alert",1
"Stock disclaimer statement",1
"Stock pick",1
"Stop",1
"Stop calling me",1
"Stop emailing me",1
"Stop snoring",1
"Strong buy",1
"Stuff on sale",1
"Subject to cash",1
"Subject to credit",1
"Subscribe",1
"Subscribe now",1
"Subscribe for free",1
"Success",1
"Supplies",1
"Supplies are limited",1
"Take action",1
"Take action now",1
"Talks about hidden charges",1
"Talks about prizes",1
"Teen",1
"Tells you it’s an ad",1
"Terms",1
"Terms and conditions",1
"The best rates",1
"The following form",1
"They keep your money — no refund!",1
"They’re just giving it away",1
"This isn’t a scam",1
"This isn’t junk",1
"This isn’t spam",1
"This won’t last",1
"Thousands",1
"Time limited",1
"Traffic",1
"Trial",1
"Undisclosed recipient",1
"University diplomas",1
"Unlimited",1
"Unsecured credit",1
"Unsecured debt",1
"Unsolicited",1
"Unsubscribe",1
"Urgent",1
"US dollars",1
"Vacation",1
"Vacation offers",1
"Valium",1
"Viagra",1
"Vicodin",1
"VIP",1
"Visit our website",1
"Wants credit card",1
"Warranty",1
"Warranty expired",1
"We hate spam",1
"We honor all",1
"Web traffic",1
"Website visitors",1
"Weekend getaway",1
"Weight",1
"Weight loss",1
"What are you waiting for?",1
"What’s keeping you?",1
"While available",1
"While in stock",1
"While supplies last",1
"While you sleep",1
"Who really wins?",1
"Why pay more?",1
"Wife",1
"Will not believe your eyes",1
"Win",1
"Winner",1
"Winning",1
"Won",1
"Work from home",1
"Xanax",1
"You are a winner!",1
"You have been chosen",1
"You have been selected",1
"Your chance",1
"Your income",1
"Your status",1
"Zero chance",1
"Zero percent",1
"Zero risk",1
"Act now!",1
"Apply now!",1
"Call now!",1
"Don’t hesitate!",1
"For only",1
"Get started now",1
"Limited time",1
"Great offer",1
"Instant",1
"Now only",1
"Offer expires",1
"Once in a lifetime",1
"Order now",1
"Order today",1
"Special promotion",1
"Urgent",1
"While supplies last",1
"Bonus",1
"All new",1
"Amazing",1
"Certified",1
"Congratulations",1
"Fantastic deal",1
"For free",1
"Guaranteed",1
"Outstanding value",1
"Risk free",1
"Satisfaction guaranteed",1
"Free",1
"Free!",1
"Free trial",1
"Free consultation",1
"Free gift",1
"Free membership",1
"Free offer",1
"Free preview",1
"Free sample",1
"Free quote",1
"Sign up free today",1
"Deal",1
"Giving away",1
"No obligation",1
"No strings attached",1
"Offer",1
"Prize",1
"Trial",1
"Unlimited",1
"What are you waiting for?",1
"Win",1
"Winner",1
"You’re a winner! Won",1
"You have been selected",1
"#1",1
"100% free",1
"100% satisfied",1
"50% off",1
"One hundred percent guaranteed",1
"Click below",1
"Click here",1
"Increase sales",1
"Increase your sales",1
"Opt in",1
"Open",1
"Sale",1
"Sales",1
"Subscribe",1
"Chance",1
"Sample",1
"Satisfaction",1
"Solution",1
"Success",1
"Cards accepted",1
"Full refund",1
"Affordable",1
"Bargain",1
"Best price",1
"Cash",1
"Cash bonus",1
"Cheap",1
"Credit",1
"Discount",1
"For just $",1
"Lowest price",1
"Save big money",1
"Why pay more?",1
"Buy",1
"As seen on",1
"Buy direct",1
"Clearance",1
"Order",1
"$$$",1
"Marketing solutions",1
"Join millions",1
"Name brand",1
"No questions asked",1
"Giving it away",1
"Best rates",1
"Compare",1
"Drastically reduced",1