Keyword,Category
Access,Urgency ğŸš¨
Access now,Urgency ğŸš¨
Act,Urgency ğŸš¨
Act immediately,Urgency ğŸš¨
Act now,Urgency ğŸš¨
Act now!,Urgency ğŸš¨
Action,Urgency ğŸš¨
Action required,Urgency ğŸš¨
Apply here,Urgency ğŸš¨
Apply now,Urgency ğŸš¨
Apply now!,Urgency ğŸš¨
Apply online,Urgency ğŸš¨
Become a member,Urgency ğŸš¨
Before it's too late,Urgency ğŸš¨
Being a member,Urgency ğŸš¨
Buy,Urgency ğŸš¨
Buy direct,Urgency ğŸš¨
Buy now,Urgency ğŸš¨
Buy today,Urgency ğŸš¨
Call,Urgency ğŸš¨
Call free,Urgency ğŸš¨
Call free/now,Urgency ğŸš¨
Call me,Urgency ğŸš¨
Call now,Urgency ğŸš¨
Call now!,Urgency ğŸš¨
Can we have a minute of your time?,Urgency ğŸš¨
Cancel now,Urgency ğŸš¨
Cancellation required,Urgency ğŸš¨
Claim now,Urgency ğŸš¨
Click,Urgency ğŸš¨
Click below,Urgency ğŸš¨
Click here,Urgency ğŸš¨
Click me to download,Urgency ğŸš¨
Click now,Urgency ğŸš¨
Click this link,Urgency ğŸš¨
Click to get,Urgency ğŸš¨
Click to remove,Urgency ğŸš¨
Contact us immediately,Urgency ğŸš¨
Deal ending soon,Urgency ğŸš¨
Do it now,Urgency ğŸš¨
Do it today,Urgency ğŸš¨
Don't delete,Urgency ğŸš¨
Don't hesitate,Urgency ğŸš¨
Don't waste time,Urgency ğŸš¨
Donâ€™t delete,Urgency ğŸš¨
Exclusive deal,Urgency ğŸš¨
Expire,Urgency ğŸš¨
Expires today,Urgency ğŸš¨
Final call,Urgency ğŸš¨
For instant access,Urgency ğŸš¨
For Only,Urgency ğŸš¨
For you,Urgency ğŸš¨
Friday before [holiday],Urgency ğŸš¨
Get it away,Urgency ğŸš¨
Get it now,Urgency ğŸš¨
Get now,Urgency ğŸš¨
Get paid,Urgency ğŸš¨
Get started,Urgency ğŸš¨
Get started now,Urgency ğŸš¨
Great offer,Urgency ğŸš¨
Hurry up,Urgency ğŸš¨
Immediately,Urgency ğŸš¨
Info you requested,Urgency ğŸš¨
Information you requested,Urgency ğŸš¨
Instant,Urgency ğŸš¨
Limited time,Urgency ğŸš¨
New customers only,Urgency ğŸš¨
Now,Urgency ğŸš¨
Now only,Urgency ğŸš¨
Offer expires,Urgency ğŸš¨
Once in lifetime,Urgency ğŸš¨
Only,Urgency ğŸš¨
Order now,Urgency ğŸš¨
Order today,Urgency ğŸš¨
Please read,Urgency ğŸš¨
Purchase now,Urgency ğŸš¨
Sign up free,Urgency ğŸš¨
Sign up free today,Urgency ğŸš¨
Supplies are limited,Urgency ğŸš¨
Take action,Urgency ğŸš¨
Take action now,Urgency ğŸš¨
This wonâ€™t last,Urgency ğŸš¨
Time limited,Urgency ğŸš¨
Today,Urgency ğŸš¨
Top urgent,Urgency ğŸš¨
Trial,Urgency ğŸš¨
Urgent,Urgency ğŸš¨
What are you waiting for?,Urgency ğŸš¨
While supplies last,Urgency ğŸš¨
You are a winner,Urgency ğŸš¨



0 down,Shady ğŸ”
All,Shady ğŸ”
All natural,Shady ğŸ”
All natural/new,Shady ğŸ”
All new,Shady ğŸ”
All-natural,Shady ğŸ”
All-new,Shady ğŸ”
Allowance,Shady ğŸ”
As seen on,Shady ğŸ”
As seen on Oprah,Shady ğŸ”
At no cost,Shady ğŸ”
Auto email removal,Shady ğŸ”
Avoice bankruptcy,Shady ğŸ”
Avoid,Shady ğŸ”
Beneficial offer,Shady ğŸ”
Beneficiary,Shady ğŸ”
Bill Shady ğŸ”
Brand new pager,Shady ğŸ”
Bulk email,Shady ğŸ”
Buying judgements,Shady ğŸ”
Buying judgments,Shady ğŸ”
Cable converter,Shady ğŸ”
Calling creditors,Shady ğŸ”
Can you help us?,Shady ğŸ”
Cancel at any time,Shady ğŸ”
Cannot be combined,Shady ğŸ”
Celebrity,Shady ğŸ”
Cell phone cancer scam,Shady ğŸ”
Certified,Shady ğŸ”
Chance,Shady ğŸ”
Cheap,Shady ğŸ”
Cheap meds,Shady ğŸ”
Cialis,Shady ğŸ”
Claims,Shady ğŸ”
Claims not to be selling anything,Shady ğŸ”
Claims to be in accordance with some spam law,Shady ğŸ”
Claims to be legal,Shady ğŸ”
Clearance,Shady ğŸ”
Collect,Shady ğŸ”
Collect child support,Shady ğŸ”
Compare,Shady ğŸ”
Compare now,Shady ğŸ”
Compare online,Shady ğŸ”
Compare rates,Shady ğŸ”
Compete for your business,Shady ğŸ”
Confidentiality,Shady ğŸ”
Congratulations,Shady ğŸ”
Consolidate debt and credit,Shady ğŸ”
Consolidate your debt,Shady ğŸ”
Copy accurately,Shady ğŸ”
Copy DVDs,Shady ğŸ”
COVID,Shady ğŸ”
Cures,Shady ğŸ”
Cures baldness,Shady ğŸ”
Diagnostic,Shady ğŸ”
DIAGNOSTICS,Shady ğŸ”
Diet,Shady ğŸ”
Dig up dirt on friends,Shady ğŸ”
Direct email,Shady ğŸ”
Direct marketing,Shady ğŸ”
Eliminate debt,Shady ğŸ”
Explode your business,Shady ğŸ”
Fast viagra delivery,Shady ğŸ”
Finance,Shady ğŸ”
Financial,Shady ğŸ”
Financial advice,Shady ğŸ”
Financial independence,Shady ğŸ”
Financially independent,Shady ğŸ”
For new customers only,Shady ğŸ”
Foreclosure,Shady ğŸ”
Free,Shady ğŸ”
Free access/money/gift,Shady ğŸ”
Free bonus,Shady ğŸ”
Free cell phone,Shady ğŸ”
Free DVD,Shady ğŸ”
Free grant money,Shady ğŸ”
Free information,Shady ğŸ”
Free installation,Shady ğŸ”
Free Instant,Shady ğŸ”
Free iPhone,Shady ğŸ”
Free laptop,Shady ğŸ”
Free leads,Shady ğŸ”
Free Macbook,Shady ğŸ”
Free offer,Shady ğŸ”
Free priority mail,Shady ğŸ”
Free sample,Shady ğŸ”
Free website,Shady ğŸ”
Free!,Shady ğŸ”
Get,Shady ğŸ”
Gift card,Shady ğŸ”
Gift certificate,Shady ğŸ”
Gift included,Shady ğŸ”
Give it away,Shady ğŸ”
Giving away,Shady ğŸ”
Giving it away,Shady ğŸ”
Gold,Shady ğŸ”
Great,Shady ğŸ”
Great deal,Shady ğŸ”
Greetings of the day,Shady ğŸ”
Growth hormone,Shady ğŸ”
Guarantee,Shady ğŸ”
Guaranteed deposit,Shady ğŸ”
Guaranteed income,Shady ğŸ”
Guaranteed payment,Shady ğŸ”
Have you been turned down?,Shady ğŸ”
Hello (with no name included),Shady ğŸ”
Hidden charges,Shady ğŸ”
Hidden costs,Shady ğŸ”
Hidden fees,Shady ğŸ”
High score,Shady ğŸ”
Home based business,Shady ğŸ”
Home mortgage,Shady ğŸ”
Human,Shady ğŸ”
Human growth hormone,Shady ğŸ”
If only it were that easy,Shady ğŸ”
Important information,Shady ğŸ”
Important notification,Shady ğŸ”
Instant weight loss,Shady ğŸ”
Insurance Lose weight,Shady ğŸ”
Internet marketing,Shady ğŸ”
Investment decision,Shady ğŸ”
Invoice,Shady ğŸ”
Itâ€™s effective,Shady ğŸ”
Job alert,Shady ğŸ”
Junk,Shady ğŸ”
Lambo,Shady ğŸ”
Laser printer,Shady ğŸ”
Last Day,Shady ğŸ”
Legal,Shady ğŸ”
Legal notice,Shady ğŸ”
Life,Shady ğŸ”
Life insurance,Shady ğŸ”
Lifetime access,Shady ğŸ”
Lifetime deal,Shady ğŸ”
Limited,Shady ğŸ”
Limited amount,Shady ğŸ”
Limited number,Shady ğŸ”
Limited offer,Shady ğŸ”
Limited supply,Shady ğŸ”
Limited time offer,Shady ğŸ”
Limited time only,Shady ğŸ”
Loan,Shady ğŸ”
Long distance phone number,Shady ğŸ”
Long distance phone offer,Shady ğŸ”
Lose weight,Shady ğŸ”
Lose weight fast,Shady ğŸ”
Lose weight spam,Shady ğŸ”
Lottery,Shady ğŸ”
Lower interest rate,Shady ğŸ”
Lower interest rates,Shady ğŸ”
Lower monthly payment,Shady ğŸ”
Lower your mortgage rate,Shady ğŸ”
Lowest insurance rates,Shady ğŸ”
Lowest interest rate,Shady ğŸ”
Lowest rate,Shady ğŸ”
Lowest rates,Shady ğŸ”
Luxury,Shady ğŸ”
Luxury car,Shady ğŸ”
Mail in order form,Shady ğŸ”
Main in order form,Shady ğŸ”
Mark this as not junk,Shady ğŸ”
Mass email,Shady ğŸ”
Medical,Shady ğŸ”
Medicine,Shady ğŸ”
Meet girls,Shady ğŸ”
Meet me,Shady ğŸ”
Meet singles,Shady ğŸ”
Meet women,Shady ğŸ”
Member,Shady ğŸ”
Member stuff,Shady ğŸ”
Message contains disclaimer,Shady ğŸ”
Message from,Shady ğŸ”
Millionaire,Shady ğŸ”
Millions,Shady ğŸ”
MLM,Shady ğŸ”
Multi-level marketing,Shady ğŸ”
Name,Shady ğŸ”
Near you,Shady ğŸ”
Never before,Shady ğŸ”
New,Shady ğŸ”
New domain extensions,Shady ğŸ”
Nigerian,Shady ğŸ”
No age restrictions,Shady ğŸ”
No catch,Shady ğŸ”
No claim forms,Shady ğŸ”
No cost,Shady ğŸ”
No credit check,Shady ğŸ”
No credit experience,Shady ğŸ”
No deposit required,Shady ğŸ”
No disappointment,Shady ğŸ”
No experience,Shady ğŸ”
No fees,Shady ğŸ”
No gimmick,Shady ğŸ”
No hidden,Shady ğŸ”
No hidden costs,Shady ğŸ”
No hidden fees,Shady ğŸ”
No hidden Ñosts,Shady ğŸ”
No interest,Shady ğŸ”
No interests,Shady ğŸ”
No inventory,Shady ğŸ”
No investment,Shady ğŸ”
No investment required,Shady ğŸ”
No medical exams,Shady ğŸ”
No middleman,Shady ğŸ”
No obligation,Shady ğŸ”
No payment required,Shady ğŸ”
No purchase necessary,Shady ğŸ”
No questions asked,Shady ğŸ”
No selling,Shady ğŸ”
No strings attached,Shady ğŸ”
No-obligation,Shady ğŸ”
Nominated bank account,Shady ğŸ”
Not intended,Shady ğŸ”
Not junk,Shady ğŸ”
Not scam,Shady ğŸ”
Not spam,Shady ğŸ”
Notspam,Shady ğŸ”
Number ,Shady ğŸ”
Obligation,Shady ğŸ”
Off,Shady ğŸ”
Off everything,Shady ğŸ”
Off shore,Shady ğŸ”
Offer extended,Shady ğŸ”
Offers,Shady ğŸ”
Offshore,Shady ğŸ”
One hundred percent,Shady ğŸ”
One-time,Shady ğŸ”
Online biz opportunity,Shady ğŸ”
Online degree,Shady ğŸ”
Online income,Shady ğŸ”
Online job,Shady ğŸ”
Open,Shady ğŸ”
Opportunity,Shady ğŸ”
Opt-in,Shady ğŸ”
Order,Shady ğŸ”
Order shipped by,Shady ğŸ”
Order status,Shady ğŸ”
Orders shipped by,Shady ğŸ”
Orders shipped by shopper,Shady ğŸ”
Outstanding value,Shady ğŸ”
Outstanding values,Shady ğŸ”
Password,Shady ğŸ”
Passwords,Shady ğŸ”
Pay your bills,Shady ğŸ”
Per day/per week/per year,Shady ğŸ”
Per month,Shady ğŸ”
Perfect,Shady ğŸ”
Performance,Shady ğŸ”
Phone,Shady ğŸ”
Please,Shady ğŸ”
Please open,Shady ğŸ”
Presently,Shady ğŸ”
Print form signature,Shady ğŸ”
Print from signature,Shady ğŸ”
Print out and fax,Shady ğŸ”
Priority mail,Shady ğŸ”
Privately owned funds,Shady ğŸ”
Prizes,Shady ğŸ”
Problem with shipping,Shady ğŸ”
Problem with your order,Shady ğŸ”
Produced and sent out,Shady ğŸ”
Profit,Shady ğŸ”
Promise you,Shady ğŸ”
Purchase,Shady ğŸ”
Pure Profits,Shady ğŸ”
Quotes,Shady ğŸ”
Rate,Shady ğŸ”
Real thing,Shady ğŸ”
Rebate,Shady ğŸ”
Reduce debt,Shady ğŸ”
Refinance home,Shady ğŸ”
Refinanced home,Shady ğŸ”
Refund,Shady ğŸ”
Regarding,Shady ğŸ”
Removal instructions,Shady ğŸ”
Removes,Shady ğŸ”
Removes wrinkles,Shady ğŸ”
Replica watches,Shady ğŸ”
Request,Shady ğŸ”
Request now,Shady ğŸ”
Request today,Shady ğŸ”
Requires initial investment,Shady ğŸ”
Requires investment,Shady ğŸ”
Reverses aging,Shady ğŸ”
Risk free,Shady ğŸ”
Rolex,Shady ğŸ”
Round the world,Shady ğŸ”
S ,Shady ğŸ”
Safeguard notice,Shady ğŸ”
Sale,Shady ğŸ”
Sales,Shady ğŸ”
Save,Shady ğŸ”
"Save $, Save â‚¬",Shady ğŸ”
Save big,Shady ğŸ”
Save big month,Shady ğŸ”
Save money,Shady ğŸ”
Save now,Shady ğŸ”
Score with babes,Shady ğŸ”
Search engine optimisation,Shady ğŸ”
Section ,Shady ğŸ”
See for yourself,Shady ğŸ”
Seen on,Shady ğŸ”
Serious,Shady ğŸ”
Serious case,Shady ğŸ”
Serious offer,Shady ğŸ”
Serious only,Shady ğŸ”
Sex,Shady ğŸ”
Shop now,Shady ğŸ”
Shopper,Shady ğŸ”
Shopping spree,Shady ğŸ”
Snoring,Shady ğŸ”
Social security number,Shady ğŸ”
Soon,Shady ğŸ”
Spam,Shady ğŸ”
Spam free,Shady ğŸ”
Special deal,Shady ğŸ”
Special discount,Shady ğŸ”
Special for you,Shady ğŸ”
Special offer,Shady ğŸ”
Stainless steel,Shady ğŸ”
Stock alert,Shady ğŸ”
Stock disclaimer statement,Shady ğŸ”
Stock pick,Shady ğŸ”
Stocks/stock pick/stock alert,Shady ğŸ”
Stop calling me,Shady ğŸ”
Stop emailing me,Shady ğŸ”
Stop further distribution,Shady ğŸ”
Stop snoring,Shady ğŸ”
Strong buy,Shady ğŸ”
Stuff on sale,Shady ğŸ”
Subject to,Shady ğŸ”
Subject to cash,Shady ğŸ”
Subscribe,Shady ğŸ”
Subscribe for free,Shady ğŸ”
Subscribe now,Shady ğŸ”
Super promo,Shady ğŸ”
Supplies,Shady ğŸ”
Tack action now,Shady ğŸ”
Talks about hidden charges,Shady ğŸ”
Talks about prizes,Shady ğŸ”
Tells you itâ€™s an ad,Shady ğŸ”
Terms,Shady ğŸ”
The best rates,Shady ğŸ”
The email asks for a credit card,Shady ğŸ”
The following form,Shady ğŸ”
They make a claim or claims that they're in accordance with spam law,Shady ğŸ”
They try to keep your money no refund,Shady ğŸ”
Theyâ€™re just giving it away,Shady ğŸ”
This isn't junk,Shady ğŸ”
This isn't spam,Shady ğŸ”
This isnâ€™t a scam,Shady ğŸ”
This isnâ€™t junk,Shady ğŸ”
This isnâ€™t spam,Shady ğŸ”
Timeshare,Shady ğŸ”
Timeshare offers,Shady ğŸ”
Traffic,Shady ğŸ”
Trial unlimited,Shady ğŸ”
U.S. dollars,Shady ğŸ”
Undisclosed,Shady ğŸ”
Undisclosed recipient,Shady ğŸ”
University diplomas,Shady ğŸ”
Unsecured credit,Shady ğŸ”
Unsecured debt,Shady ğŸ”
Unsolicited,Shady ğŸ”
Unsubscribe,Shady ğŸ”
Urgent response,Shady ğŸ”
US dollars / Euros,Shady ğŸ”
Vacation,Shady ğŸ”
Vacation offers,Shady ğŸ”
Valium,Shady ğŸ”
Viagra,Shady ğŸ”
Vicodin,Shady ğŸ”
VIP,Shady ğŸ”
Visit our website,Shady ğŸ”
Wants credit card,Shady ğŸ”
Warranty expired,Shady ğŸ”
We hate spam,Shady ğŸ”
We honor all,Shady ğŸ”
Website visitors,Shady ğŸ”
Weekend getaway,Shady ğŸ”
Weight loss,Shady ğŸ”
Whatâ€™s keeping you?,Shady ğŸ”
While available,Shady ğŸ”
While in stock,Shady ğŸ”
While stocks last,Shady ğŸ”
While you sleep,Shady ğŸ”
Who really wins?,Shady ğŸ”
Win,Shady ğŸ”
Winner,Shady ğŸ”
Winning,Shady ğŸ”
Won,Shady ğŸ”
Xanax,Shady ğŸ”
XXX,Shady ğŸ”
You have been chosen,Shady ğŸ”
You have been selected,Shady ğŸ”
Your chance,Shady ğŸ”
Your status,Shady ğŸ”
Zero chance,Shady ğŸ”
Zero percent,Shady ğŸ”
Zero risk,Shady ğŸ”


#,Overpromise ğŸ¤©
%,Overpromise ğŸ¤©
% free,Overpromise ğŸ¤©
% Satisfied,Overpromise ğŸ¤©
0%,Overpromise ğŸ¤©
0% risk,Overpromise ğŸ¤©
100%,Overpromise ğŸ¤©
100% free,Overpromise ğŸ¤©
100% more,Overpromise ğŸ¤©
100% off,Overpromise ğŸ¤©
100% satisfied,Overpromise ğŸ¤©
99.90%,Overpromise ğŸ¤©
99%,Overpromise ğŸ¤©
Access for free,Overpromise ğŸ¤©
Additional income,Overpromise ğŸ¤©
Amazed,Overpromise ğŸ¤©
Amazing,Overpromise ğŸ¤©
Amazing offer,Overpromise ğŸ¤©
Amazing stuff,Overpromise ğŸ¤©
Be amazed,Overpromise ğŸ¤©
Be surprised,Overpromise ğŸ¤©
Be your own boss,Overpromise ğŸ¤©
Believe me,Overpromise ğŸ¤©
Best bargain,Overpromise ğŸ¤©
Best deal,Overpromise ğŸ¤©
Best offer,Overpromise ğŸ¤©
Best price,Overpromise ğŸ¤©
Best rates,Overpromise ğŸ¤©
Big bucks,Overpromise ğŸ¤©
Bonus,Overpromise ğŸ¤©
Boss,Overpromise ğŸ¤©
Canâ€™t live without,Overpromise ğŸ¤©
Cancel,Overpromise ğŸ¤©
Consolidate debt,Overpromise ğŸ¤©
Double your cash,Overpromise ğŸ¤©
Double your income,Overpromise ğŸ¤©
Drastically reduced,Overpromise ğŸ¤©
Earn extra cash,Overpromise ğŸ¤©
Earn money,Overpromise ğŸ¤©
Eliminate bad credit,Overpromise ğŸ¤©
Expect to earn,Overpromise ğŸ¤©
Extra,Overpromise ğŸ¤©
Extra cash,Overpromise ğŸ¤©
Extra income,Overpromise ğŸ¤©
Fantastic,Overpromise ğŸ¤©
Fantastic deal,Overpromise ğŸ¤©
Fantastic offer,Overpromise ğŸ¤©
FAST,Overpromise ğŸ¤©
Fast cash,Overpromise ğŸ¤©
Financial freedom,Overpromise ğŸ¤©
Free access,Overpromise ğŸ¤©
Free consultation,Overpromise ğŸ¤©
Free gift,Overpromise ğŸ¤©
Free hosting,Overpromise ğŸ¤©
Free info,Overpromise ğŸ¤©
Free investment,Overpromise ğŸ¤©
Free membership,Overpromise ğŸ¤©
Free money,Overpromise ğŸ¤©
Free preview,Overpromise ğŸ¤©
Free quote,Overpromise ğŸ¤©
Free trial,Overpromise ğŸ¤©
Full refund,Overpromise ğŸ¤©
Get out of debt,Overpromise ğŸ¤©
Giveaway,Overpromise ğŸ¤©
Guaranteed,Overpromise ğŸ¤©
Increase sales,Overpromise ğŸ¤©
Increase traffic,Overpromise ğŸ¤©
Incredible deal,Overpromise ğŸ¤©
Join billions,Overpromise ğŸ¤©
Join millions,Overpromise ğŸ¤©
Join millions of Americans,Overpromise ğŸ¤©
Join thousands,Overpromise ğŸ¤©
Lower rates,Overpromise ğŸ¤©
Lowest price,Overpromise ğŸ¤©
Make money,Overpromise ğŸ¤©
Million,Overpromise ğŸ¤©
Million dollars,Overpromise ğŸ¤©
Miracle,Overpromise ğŸ¤©
Money back,Overpromise ğŸ¤©
Month trial offer,Overpromise ğŸ¤©
More Internet Traffic,Overpromise ğŸ¤©
Number one,Overpromise ğŸ¤©
Once in a lifetime,Overpromise ğŸ¤©
One hundred percent guaranteed,Overpromise ğŸ¤©
One time,Overpromise ğŸ¤©
Pennies a day,Overpromise ğŸ¤©
Potential earnings,Overpromise ğŸ¤©
Prize,Overpromise ğŸ¤©
Promise,Overpromise ğŸ¤©
Pure profit,Overpromise ğŸ¤©
Risk-free,Overpromise ğŸ¤©
Satisfaction guaranteed,Overpromise ğŸ¤©
Save big money,Overpromise ğŸ¤©
Save up to,Overpromise ğŸ¤©
Special promotion,Overpromise ğŸ¤©
The best,Overpromise ğŸ¤©
Thousands,Overpromise ğŸ¤©
Unbeatable offer,Overpromise ğŸ¤©
Unbelievable,Overpromise ğŸ¤©
Unlimited,Overpromise ğŸ¤©
Unlimited trial,Overpromise ğŸ¤©
Wonderful,Overpromise ğŸ¤©
You will not believe your eyes,Overpromise ğŸ¤©

$$$,Money ğŸ’°
â‚¬â‚¬â‚¬,Money ğŸ’°
Â£Â£Â£,Money ğŸ’°
50% off,Money ğŸ’°
A few bob,Money ğŸ’°
Accept cash cards,Money ğŸ’°
Accept credit cards,Money ğŸ’°
Affordable,Money ğŸ’°
Affordable deal,Money ğŸ’°
Avoid bankruptcy,Money ğŸ’°
Bad credit,Money ğŸ’°
Bank,Money ğŸ’°
Bankruptcy,Money ğŸ’°
Bargain,Money ğŸ’°
Billing,Money ğŸ’°
Billing address,Money ğŸ’°
Billion,Money ğŸ’°
Billion dollars,Money ğŸ’°
Billionaire,Money ğŸ’°
Card accepted,Money ğŸ’°
Cards accepted,Money ğŸ’°
Cash,Money ğŸ’°
Cash bonus,Money ğŸ’°
Cash out,Money ğŸ’°
Cash-out,Money ğŸ’°
Cashcashcash,Money ğŸ’°
Casino,Money ğŸ’°
Cents on the dollar,Money ğŸ’°
Check,Money ğŸ’°
Check or money order,Money ğŸ’°
Claim your discount,Money ğŸ’°
Cost,Money ğŸ’°
Costs,Money ğŸ’°
Credit,Money ğŸ’°
Credit bureaus,Money ğŸ’°
Credit card,Money ğŸ’°
Credit card offers,Money ğŸ’°
Credit or Debit,Money ğŸ’°
Deal,Money ğŸ’°
Debt,Money ğŸ’°
Discount,Money ğŸ’°
Dollars,Money ğŸ’°
Double your,Money ğŸ’°
Double your wealth,Money ğŸ’°
Earn,Money ğŸ’°
Earn $,Money ğŸ’°
Earn cash,Money ğŸ’°
Earn extra income,Money ğŸ’°
Earn from home,Money ğŸ’°
Earn monthly,Money ğŸ’°
Earn per month,Money ğŸ’°
Earn per week,Money ğŸ’°
Earn your degree,Money ğŸ’°
Easy income,Money ğŸ’°
Easy terms,Money ğŸ’°
F r e e,Money ğŸ’°
For free,Money ğŸ’°
For just $,Money ğŸ’°
For just $ (amount),Money ğŸ’°
For just $xxx,Money ğŸ’°
Get Money,Money ğŸ’°
Get your money,Money ğŸ’°
Hidden assets,Money ğŸ’°
Huge discount,Money ğŸ’°
Income,Money ğŸ’°
Income from home,Money ğŸ’°
Increase revenue,Money ğŸ’°
Increase sales/traffic,Money ğŸ’°
Increase your chances,Money ğŸ’°
Initial investment,Money ğŸ’°
Instant earnings,Money ğŸ’°
Instant income,Money ğŸ’°
Insurance,Money ğŸ’°
Investment,Money ğŸ’°
Investment advice,Money ğŸ’°
Lifetime,Money ğŸ’°
Loans,Money ğŸ’°
Make $,Money ğŸ’°
Money,Money ğŸ’°
Money making,Money ğŸ’°
Money-back guarantee,Money ğŸ’°
Money-making,Money ğŸ’°
Monthly payment,Money ğŸ’°
Mortgage,Money ğŸ’°
Mortgage rates,Money ğŸ’°
Offer,Money ğŸ’°
One hundred percent free,Money ğŸ’°
Only $,Money ğŸ’°
Price,Money ğŸ’°
Price protection,Money ğŸ’°
Prices,Money ğŸ’°
Profits,Money ğŸ’°
Quote,Money ğŸ’°
Rates,Money ğŸ’°
Refinance,Money ğŸ’°
Save $,Money ğŸ’°
Serious cash,Money ğŸ’°
Subject to credit,Money ğŸ’°
US dollars,Money ğŸ’°
Why pay more?,Money ğŸ’°
Your income,Money ğŸ’°

Acceptance,Unnatural ğŸ’¬
Accordingly,Unnatural ğŸ’¬
Account-based marketing (ABM),Unnatural ğŸ’¬
Accounts,Unnatural ğŸ’¬
Addresses,Unnatural ğŸ’¬
Addresses on CD,Unnatural ğŸ’¬
Beverage,Unnatural ğŸ’¬
Confidentiality on all orders,Unnatural ğŸ’¬
Confidentially on all orders,Unnatural ğŸ’¬
Content marketing,Unnatural ğŸ’¬
Dear [email address],Unnatural ğŸ’¬
Dear [email/friend/somebody],Unnatural ğŸ’¬
Dear [first name],Unnatural ğŸ’¬
Dear [wrong name],Unnatural ğŸ’¬
Digital marketing,Unnatural ğŸ’¬
Dormant,Unnatural ğŸ’¬
Email extractor,Unnatural ğŸ’¬
Email harvest,Unnatural ğŸ’¬
Email marketing,Unnatural ğŸ’¬
Extract email,Unnatural ğŸ’¬
Form,Unnatural ğŸ’¬
Freedom,Unnatural ğŸ’¬
Friend,Unnatural ğŸ’¬
Here,Unnatural ğŸ’¬
Hidden,Unnatural ğŸ’¬
Home,Unnatural ğŸ’¬
Home based,Unnatural ğŸ’¬
Home employment,Unnatural ğŸ’¬
Home-based,Unnatural ğŸ’¬
Home-based business,Unnatural ğŸ’¬
Homebased business,Unnatural ğŸ’¬
If you no longer wish to receive,Unnatural ğŸ’¬
Important information regarding,Unnatural ğŸ’¬
In accordance with laws,Unnatural ğŸ’¬
Increase your sales,Unnatural ğŸ’¬
Internet market,Unnatural ğŸ’¬
Leave,Unnatural ğŸ’¬
Lose,Unnatural ğŸ’¬
Maintained,Unnatural ğŸ’¬
Marketing,Unnatural ğŸ’¬
Marketing solution,Unnatural ğŸ’¬
Marketing solutions,Unnatural ğŸ’¬
Medium,Unnatural ğŸ’¬
Message contains,Unnatural ğŸ’¬
Multi level marketing,Unnatural ğŸ’¬
Never,Unnatural ğŸ’¬
One time mailing,Unnatural ğŸ’¬
Online marketing,Unnatural ğŸ’¬
Online pharmacy,Unnatural ğŸ’¬
Opt in,Unnatural ğŸ’¬
Per day,Unnatural ğŸ’¬
Per week,Unnatural ğŸ’¬
Pre-approved,Unnatural ğŸ’¬
Problem,Unnatural ğŸ’¬
Removal,Unnatural ğŸ’¬
Remove,Unnatural ğŸ’¬
Reserves the right,Unnatural ğŸ’¬
Reverses,Unnatural ğŸ’¬
Sample,Unnatural ğŸ’¬
Satisfaction,Unnatural ğŸ’¬
Score,Unnatural ğŸ’¬
Search engine,Unnatural ğŸ’¬
Search engine listings,Unnatural ğŸ’¬
Search engines,Unnatural ğŸ’¬
Sent in compliance,Unnatural ğŸ’¬
Solution,Unnatural ğŸ’¬
Stop,Unnatural ğŸ’¬
Success,Unnatural ğŸ’¬
Teen,Unnatural ğŸ’¬
Terms and conditions,Unnatural ğŸ’¬
Warranty,Unnatural ğŸ’¬
Web traffic,Unnatural ğŸ’¬
Wife,Unnatural ğŸ’¬
Work at home,Unnatural ğŸ’¬
Work from home,Unnatural ğŸ’¬